{
    "1": [
        1.7394061583577953, 
        5.0, 
        "ACTIVE", 
        "10/20/2015", 
        "Red Branch Honey Apple Cider", 
        "Hard Cider"
    ], 
    "2": [
        4.848075513196482, 
        5.0, 
        "ACTIVE", 
        "2/7/2016", 
        "Firestone Walker Velvet Merlin", 
        "Oatmeal Stout"
    ], 
    "3": [
        1.2, 
        15.5, 
        "ACTIVE", 
        "9/10/2015", 
        "Gordon Biersch Blond Bock", 
        "GB Blond Bock"
    ]
}